{"cameraMode":{"drawMode":0,"name":"Shaded","section":"Shading Mode"},"sceneLighting":false,"audioPlay":false,"sceneViewState":{"m_AlwaysRefresh":false,"showFog":true,"showSkybox":false,"showFlares":true,"showImageEffects":true,"showParticleSystems":true,"showVisualEffectGraphs":true,"m_FxEnabled":true},"in2DMode":false,"pivot":{"x":0.81306391954422,"y":1.9516582489013672,"z":0.9130005836486816},"rotation":{"x":0.09487483650445938,"y":0.04358307644724846,"z":-0.004156897775828838,"w":0.9945303797721863},"size":3.5211446285247804,"orthographic":false}